Country (Country),FAO area,id,Fishing area (FAO major fishing area),ISO3,3A,ISSCAAP,ISSCAAP species group,taxgroup,1950,1951,1952,1953,1954,1955,1956,1957,1958,1959,1960,1961,1962,1963,1964,1965,1966,1967,1968,1969,1970,1971,1972,1973,1974,1975,1976,1977,1978,1979,1980,1981,1982,1983,1984,1985,1986,1987,1988,1989,1990,1991,1992,1993,1994,1995,1996,1997,1998,1999,2000,2001,2002,2003,2004,2005,2006,2007,2008,2009,2010,2011,2012,2013,2014,2015
Thailand,Pac-WC,Marine fishes nei,"Pacific, Western Central",THA,MZZ,39,Marine fishes not identified,other marine fish,26000,26000,25100,27900,33100,30400,30800,31700,34500,39200,41800,95300,117900,176900,304300,314600,334800,446600,560100,719300,636300,700200,954100,883500,746800,685059,684939,778153,814677,749509,775131,740275,796106,765280,715934,756550,919482,1057105,930994,848548,899262,780613,819913,818746,863460,805867,743398,702437,636929,660947,685805,677494,616741,611861,562426,565206,489728,455575,342669,369874,348807,322555,332994,357952,347826,342399
Thailand,Ind-E,Marine fishes nei,"Indian Ocean, Eastern",THA,MZZ,39,Marine fishes not identified,other marine fish,2000,2000,1900,2100,2500,2300,2300,2400,2600,2900,3100,7200,8900,13300,22900,23700,25200,33600,42200,54100,47900,52700,71800,10176,25339,24642,17646,145857,137948,141226,124405,146364,128225,144527,170019,155715,207859,218545,169921,220006,240492,367431,386986,453209,343607,359137,345924,333384,366129,329976,308923,306996,321107,352288,390471,362971,311953,251649,196109,203866,190161,168119,137482,128934,110754,127245
Thailand,Pac-WC,Indian mackerels nei,"Pacific, Western Central",THA,RAX,37,Miscellaneous pelagic fishes,carangids-mackerels,36700,47900,42300,45100,51700,45100,45500,54100,41600,33900,28100,21900,33900,21900,49500,65700,82300,87500,139200,124000,85800,94500,39100,52500,40400,67573,51261,26581,42917,84209,51627,69452,76047,66624,114761,107350,99629,104039,99535,103471,78279,64156,96598,76997,82021,112280,92765,91622,107083,125175,120882,106690,115642,112479,122070,117218,111865,95668,85260,81555,91470,136005,113659,127206,128835,119820
Thailand,Pac-WC,"Anchovies, etc. nei","Pacific, Western Central",THA,ANX,35,"Herrings, sardines, anchovies",forage fish,,,,,,,,,,,,,,,,,,,,,14100,15500,20300,27100,27600,16267,17296,11107,9351,19065,19536,13952,24504,40205,89639,103783,58851,56356,69127,96596,123176,115082,123288,123751,102729,123095,122423,117229,121443,103445,117025,121065,123841,132550,139326,135140,125919,118886,119964,110410,107565,110014,97192,83868,97865,99049
Thailand,Ind-E,Jellyfishes nei,"Indian Ocean, Eastern",THA,JEL,77,Miscellaneous aquatic invertebrates,other invertebrates,,,,,,,,,,,,,,,,,,,,,0,0,0,0,0,0,0,0,2892,3700,108,17213,72893,32810,5100,22555,59001,26536,0,0,0,50,1012,5778,7804,17060,12540,19968,5595,48,986,799,0,0,0,29882,134616,31,147109,114481,32539,100440,39625,124136,57200,70650
Thailand,Pac-WC,Sardinellas nei,"Pacific, Western Central",THA,SIX,35,"Herrings, sardines, anchovies",forage fish,,,,,,,,,,,,,,,,,,,,,26200,28800,11400,34300,58100,62299,64030,211094,142173,150804,102999,137734,89842,100325,86952,70197,94585,85553,91048,115534,92281,115641,142634,113860,125179,141180,161771,151708,129045,128492,121738,111138,108229,109399,103303,110463,90250,81562,78859,83612,77670,46789,59428,60441,62573,58637
Thailand,Pac-WC,Common squids nei,"Pacific, Western Central",THA,SQC,57,"Squids, cuttlefishes, octopuses",cephalopods,,,,,,,,,,,,,,,,,,,,,21300,23400,44600,37400,41600,37191,35478,47210,47185,37293,36203,43778,66308,72140,59693,59077,65292,68326,60934,62732,57608,56551,51209,55867,55762,59624,56006,55740,68788,62613,64671,60532,70060,65578,56856,63628,63377,53489,57766,54903,70876,78387,66988,63499,55696,51120
Thailand,Pac-WC,Threadfin breams nei,"Pacific, Western Central",THA,THB,33,Miscellaneous coastal fishes,other marine percoidids,,,,,,,,,,,,,,,,,,,,,13200,14600,20600,18300,18100,19178,16167,17331,21154,18201,15557,17192,14962,13153,12768,15358,22660,29820,26508,29776,26282,34125,51655,57903,55850,71637,64749,62994,59683,69949,74544,79505,89320,85226,74160,80700,69305,64211,25024,25799,24938,38113,40409,45081,38940,41950
Thailand,Pac-WC,Carangids nei,"Pacific, Western Central",THA,CGX,37,Miscellaneous pelagic fishes,carangids-mackerels,,,,,,,,,,,,,,,,,,,,,6500,7100,8900,14300,10400,13480,21944,27861,34476,19339,22470,44215,11379,21148,17621,49454,38320,33347,56396,42043,38841,35928,42531,42224,55616,47456,44365,41356,35599,35668,30381,41716,38647,37526,39850,35882,29772,28021,24230,22724,33219,33383,31164,32591,31054,31383
Thailand,Ind-E,"Anchovies, etc. nei","Indian Ocean, Eastern",THA,ANX,35,"Herrings, sardines, anchovies",forage fish,,,,,,,,,,,,,,,,,,,,,0,0,0,0,0,0,0,606,957,1151,763,536,122,414,448,413,136,1413,251,484,782,12007,36596,41584,66630,44892,39547,40112,35771,31295,26080,24436,27890,21110,23911,24545,31865,26701,24110,34322,31078,32820,32190,32842,29826,29096
Thailand,Pac-WC,Indian mackerel,"Pacific, Western Central",THA,RAG,37,Miscellaneous pelagic fishes,carangids-mackerels,,,,,,,,,,,,,,,,,,,,,13600,14900,13900,23600,19100,21161,22696,30826,34613,26340,26908,19702,20261,51343,31236,35807,40926,37611,20221,28000,22176,17849,31577,35986,50898,45338,21328,19276,19393,26912,21902,14620,17273,16826,18479,17857,16758,13584,15214,12304,18300,30764,27702,32398,30790,28797
Thailand,Pac-WC,Lizardfishes nei,"Pacific, Western Central",THA,LIX,33,Miscellaneous coastal fishes,other marine fish,,,,,,,,,,,,,,,,,,,,,9400,10400,14800,12700,10800,11161,8048,11349,11932,9930,9826,7622,7754,8557,8685,8519,13281,16478,16234,17201,13169,19750,31840,42486,35593,58482,51004,62397,35289,60534,52601,65821,73330,66496,47194,49389,42459,37563,15053,14038,16243,22322,25194,31958,28342,28498
Thailand,Pac-WC,Bigeyes nei,"Pacific, Western Central",THA,BIG,33,Miscellaneous coastal fishes,other marine percoidids,,,,,,,,,,,,,,,,,,,,,9600,10600,15200,11500,11800,14171,11723,17777,13026,11016,15302,14131,8896,10299,9265,10986,17267,24121,21874,21749,21219,25269,36221,49710,44680,57723,67411,62675,64873,71127,65168,59926,63862,63682,89495,85007,75118,71458,19658,19235,21198,20944,22949,24440,22090,23202
Thailand,Pac-WC,Indian scad,"Pacific, Western Central",THA,RUS,37,Miscellaneous pelagic fishes,carangids-mackerels,,,,,,,,,,,,,,,,,,,,,3800,4200,2900,15900,34800,26332,83628,129896,106490,27017,30069,35006,32080,24521,27479,25667,23947,41842,14016,17263,10676,22747,42525,46186,38394,54641,52648,47498,57893,56461,67902,67144,71408,68627,68519,52197,46204,45347,3731,4186,17705,19618,17575,21234,22173,20327
Thailand,Ind-E,Indian mackerel,"Indian Ocean, Eastern",THA,RAG,37,Miscellaneous pelagic fishes,carangids-mackerels,,,,,,,,,,,,,,,,,,,,,0,0,0,100,1300,1771,3189,2545,2392,2881,976,840,1226,1904,2200,1163,965,2265,5587,7127,10117,14709,8547,13743,13695,25118,23801,23400,24289,20973,13301,17329,15488,17364,16410,27848,23715,18820,16899,17122,20404,23421,21097,17742,18976,19396
Thailand,Pac-WC,"Cuttlefish, bobtail squids nei","Pacific, Western Central",THA,CTL,57,"Squids, cuttlefishes, octopuses",cephalopods,,,,,,,,,,,,,,,,,,,,,11900,13100,23700,22000,20500,24517,23385,30098,30746,26293,23475,23582,35338,42477,47776,35778,45122,40728,41347,49187,45655,50077,48036,44456,41987,45358,39548,38985,40940,39956,37714,38754,41963,43386,39224,42484,34850,30101,13873,15854,17933,17694,20288,21426,17494,19166
Thailand,Pac-WC,Blue swimming crab,"Pacific, Western Central",THA,SCD,42,"Crabs, sea-spiders",crabs-lobsters,,,,,,,,,,,,,,8800,8900,10700,12900,12900,23500,13700,13500,14800,15800,16700,24100,18607,19131,21224,20481,23597,24302,23230,20946,21858,18618,18705,24120,29400,32132,29969,30402,31190,31784,33641,35157,35414,36219,34916,37281,33864,37219,29134,21407,22825,22113,18567,23860,16638,16156,15132,14262,18411,24741,19216,18721,17397
Thailand,Ind-E,Threadfin breams nei,"Indian Ocean, Eastern",THA,THB,33,Miscellaneous coastal fishes,other marine percoidids,,,,,,,,,,,,,,,,,,,,,300,300,500,500,900,673,737,2493,2524,2224,2459,3204,2378,3123,2284,1738,4141,4314,3051,3898,4857,12905,13722,17424,19260,22148,24843,24773,36912,23088,27738,27153,32056,27275,31735,23936,27278,28250,15127,17093,17357,11271,12860,20027,16338,16545
Thailand,Ind-E,Indian mackerels nei,"Indian Ocean, Eastern",THA,RAX,37,Miscellaneous pelagic fishes,carangids-mackerels,2300,3100,2700,2900,3300,2900,2900,3400,2700,2200,1800,1400,2200,1400,3000,4200,5300,5600,8900,7900,5500,6000,2500,3300,300,1298,2510,4623,2354,4511,1797,2249,10089,13179,14333,13757,13868,15143,12122,17570,25258,38821,32953,66985,65499,46945,48061,46999,43927,38935,32002,34625,30780,43744,38328,49548,47114,41171,27297,33823,35536,11847,15299,18094,16506,15663
Thailand,Ind-E,Indian scad,"Indian Ocean, Eastern",THA,RUS,37,Miscellaneous pelagic fishes,carangids-mackerels,,,,,,,,,,,,,,,,,,,,,0,0,0,0,0,0,132,1450,886,1044,895,2370,3758,9580,16777,8025,2464,14298,17743,22330,22559,23982,8434,8984,35994,22981,32557,30658,28270,28113,25331,25264,32576,30118,31836,33663,28879,23265,22514,24304,16374,14443,16808,12971,14095,14625
Thailand,Pac-WC,Bigeye scad,"Pacific, Western Central",THA,BIS,37,Miscellaneous pelagic fishes,carangids-mackerels,,,,,,,,,,,,,,,,,,,,,0,0,0,0,0,0,0,0,0,0,0,0,0,0,0,0,0,0,0,0,0,0,0,0,0,0,24533,22188,24931,25966,29075,31089,31715,36650,37020,33293,28585,27808,14798,17356,14356,14554,12491,14149,15047,13896
Thailand,Pac-WC,Penaeus shrimps nei,"Pacific, Western Central",THA,PEN,45,"Shrimps, prawns",shrimps,9400,8300,6550,9200,11200,9800,9900,10000,8100,7100,12000,13700,16700,21000,27000,31900,41900,56600,69500,69760,27900,30300,39650,62900,51100,53438,59695,74503,72859,63544,75599,77689,117916,91463,71593,62526,72927,74891,57721,56172,54236,66195,58190,59688,59604,62073,62338,59253,37941,34147,37638,33128,34182,28228,23292,21170,21327,18056,13486,14346,17343,10343,9228,14871,19749,13437
Thailand,Ind-E,Carangids nei,"Indian Ocean, Eastern",THA,CGX,37,Miscellaneous pelagic fishes,carangids-mackerels,,,,,,,,,,,,,,,,,,,,,0,0,0,100,200,403,340,562,1111,1743,961,1811,1472,2196,2702,2657,3884,9850,11404,11722,13113,7550,3197,14304,13180,8226,8663,8391,10395,8582,11764,9236,9170,11013,11017,12242,10656,10397,9519,10209,23418,18443,14957,12458,12747,13343
Thailand,Ind-E,Sardinellas nei,"Indian Ocean, Eastern",THA,SIX,35,"Herrings, sardines, anchovies",forage fish,,,,,,,,,,,,,,,,,,,,,0,0,0,0,100,1223,2668,2983,3105,11086,2414,2066,27056,24576,30371,27545,26657,41655,32691,29504,28265,25271,20893,38440,29455,54849,53086,51084,56813,54321,42276,33894,20648,15520,16598,16964,19258,15886,17596,16415,14918,15791,13897,11456,12786,13130
Thailand,Pac-WC,Barracudas nei,"Pacific, Western Central",THA,BAR,37,Miscellaneous pelagic fishes,other marine fish,,,,,,,,,,,,,,,,,,,,,4400,4800,3900,4700,3200,3735,2930,2686,4054,3764,3702,3664,3630,3142,2920,2340,2948,3885,3746,3387,3101,3130,2261,2389,4011,4335,3962,3691,3208,5563,6397,7625,8451,10072,7115,10373,7600,8033,6393,6158,7624,9917,13822,15198,12113,12998
Thailand,Ind-E,Bigeyes nei,"Indian Ocean, Eastern",THA,BIG,33,Miscellaneous coastal fishes,other marine percoidids,,,,,,,,,,,,,,,,,,,,,0,0,0,200,700,345,443,1990,835,947,1127,1283,742,609,735,1719,923,878,697,649,1830,8645,8399,10129,7614,11456,14711,15150,15361,11608,10520,33771,39722,40281,47077,36188,37755,33712,12617,11780,16687,13493,12992,15516,9914,12804
Thailand,Ind-E,Lizardfishes nei,"Indian Ocean, Eastern",THA,LIX,33,Miscellaneous coastal fishes,other marine fish,,,,,,,,,,,,,,,,,,,,,700,700,800,900,1400,349,2596,3097,660,795,447,1110,860,856,1038,1555,1648,1085,1085,1740,3285,3927,6472,11068,13302,11955,10680,8918,41178,12774,17190,6097,5725,6314,9823,3649,3330,5185,13232,12881,15911,10334,11639,13859,12636,12510
Thailand,Ind-E,Common squids nei,"Indian Ocean, Eastern",THA,SQC,57,"Squids, cuttlefishes, octopuses",cephalopods,,,,,,,,,,,,,,,,,,,,,100,100,100,100,400,590,685,5045,4882,4994,3624,4243,4275,4349,6647,4919,6052,7094,6242,7108,6762,12816,13565,16295,16464,18485,23229,23208,24120,20522,21532,16937,19445,14884,16738,11860,12825,13396,14198,14723,18151,15102,13133,12082,11991,12442
Thailand,Pac-WC,Longtail tuna,"Pacific, Western Central",THA,LOT,36,"Tunas, bonitos, billfishes",tuna-billfish,,,,,,,,,,,,,,,,,,,,,,,,,,,,,,10583,7962,9958,16306,50451,38470,45589,46408,37360,91628,80596,101397,79227,72277,39396,32006,38824,32347,29127,34805,45818,53407,55533,59052,68147,78657,79095,71213,62072,10500,12309,11806,5152,10175,12229,13046,11782
Thailand,Pac-WC,"Croakers, drums nei","Pacific, Western Central",THA,CDX,33,Miscellaneous coastal fishes,other marine percoidids,,,,,,,,,,,,,,,,,,,,,11100,11300,16800,16100,13500,10951,4541,10889,11427,7756,8611,9229,7125,6710,6433,6011,6676,7639,8658,8740,7480,5180,3956,4760,3933,4195,5118,5048,3896,15616,16456,20221,23683,24165,30202,33308,31485,29989,13355,14259,14251,9238,12334,12805,11082,11593
Thailand,Pac-WC,Kawakawa,"Pacific, Western Central",THA,KAW,36,"Tunas, bonitos, billfishes",tuna-billfish,,,,,,,,,,,,,,,,,,,,,4315,5424,5508,6519,8715,11163,8890,11296,8258,4130,4933,10240,23355,31550,30999,35644,43976,35341,23799,31045,30071,36263,51187,40602,40927,28871,28275,25557,26427,34188,27654,23000,27391,22016,27931,27947,25273,23476,9082,8478,8898,7199,8802,10757,11435,10499
Thailand,Pac-WC,"Octopuses, etc. nei","Pacific, Western Central",THA,OCT,57,"Squids, cuttlefishes, octopuses",cephalopods,,,,,,,,,,,,,,,,,,,,,600,700,4200,1600,1600,3098,4036,7013,7103,7234,5738,5347,6968,8114,6366,8922,10918,10992,11283,14621,15828,13653,14648,13681,11282,10828,12721,12193,16919,12120,10885,8065,8469,9449,10228,14000,11124,8957,6013,5842,5631,5338,7940,8626,7591,9734
Thailand,Pac-WC,Short neck clams nei,"Pacific, Western Central",THA,NCL,56,"Clams, cockles, arkshells",bivalves-gastropods,,,,,,,,,,,,,,,,,,,,,5800,6400,14100,18000,13800,14495,23300,17360,10654,21098,35131,62220,37859,28506,50506,82731,96430,129078,107163,85747,84458,59590,66439,39834,27960,20060,34560,24227,43457,42612,25964,33736,31737,50282,28646,18079,22097,13205,14134,15738,18832,12594,8713,12367,12344,8522
Thailand,Ind-E,Torpedo scad,"Indian Ocean, Eastern",THA,HAS,37,Miscellaneous pelagic fishes,carangids-mackerels,,,,,,,,,,,,,,,,,,,,,0,0,0,0,200,608,1232,811,624,2120,525,694,1852,3546,5102,3196,1738,4668,4972,8428,8799,11026,4517,4716,14143,7347,14457,16038,16207,14743,13549,15356,16511,9837,10036,19103,15147,12169,11657,12721,7413,11616,8701,7227,7622,7955
Thailand,Pac-WC,Metapenaeus shrimps nei,"Pacific, Western Central",THA,MET,45,"Shrimps, prawns",shrimps,,,,,,,,,,,,,,,,,,,,,9800,10800,10000,16000,13800,15040,1811,12792,13185,11306,12493,13863,14058,12503,10146,9535,8576,10275,8058,7533,6567,7475,6689,7209,7888,7673,8569,8357,7153,6806,10110,8504,7900,6895,8344,8409,8022,7173,6143,5940,7115,14054,10443,7183,6191,7270
Thailand,Pac-WC,Frigate and bullet tunas,"Pacific, Western Central",THA,FRZ,36,"Tunas, bonitos, billfishes",tuna-billfish,,,,,,,,,,,,,,,,,,,,,0,0,0,0,0,0,0,0,0,0,0,,,,,,,18060,26070,13305,20000,22500,33700,26800,26900,19250,18850,17000,17600,22700,18400,15400,18300,14600,18700,18700,16800,15600,6050,5650,5930,4790,5860,7170,7630,7000
Thailand,Pac-WC,Seerfishes nei,"Pacific, Western Central",THA,KGX,36,"Tunas, bonitos, billfishes",carangids-mackerels,,,,,,,,,,,,,,,,,,,,,2813,8670,2869,4455,4602,7824,7317,10808,8119,10120,9336,11207,8365,8177,9373,9683,12474,11307,13319,10395,9995,7549,8414,11085,9904,10660,9360,8875,9480,9826,8566,8684,10418,12712,19806,20828,18137,15501,6449,6964,8846,6560,6159,6167,6317,6049
Thailand,Ind-E,Blue swimming crab,"Indian Ocean, Eastern",THA,SCD,42,"Crabs, sea-spiders",crabs-lobsters,,,,,,,,,,,,,,300,300,300,400,400,700,400,400,500,500,500,100,252,184,2026,4279,3746,5032,5243,4086,3100,3746,3528,6312,5307,4970,5492,4366,4878,4470,6118,4930,5781,5696,5173,9397,7386,6652,7171,7467,9549,7411,9304,7972,7583,7417,8630,8574,10379,8723,6496,5169,5842
Thailand,Pac-WC,Torpedo scad,"Pacific, Western Central",THA,HAS,37,Miscellaneous pelagic fishes,carangids-mackerels,,,,,,,,,,,,,,,,,,,,,3900,4300,2100,3800,5100,5469,13752,25599,14385,6606,10580,3768,3987,18427,6115,5706,17392,17580,19907,19749,13884,12335,18067,18581,20809,9723,5217,4027,7981,7374,7433,3388,2557,9644,7041,2186,1838,2701,4260,3178,5275,5145,4992,6494,6150,5683
Thailand,Pac-WC,Jellyfishes nei,"Pacific, Western Central",THA,JEL,77,Miscellaneous aquatic invertebrates,other invertebrates,,,,,,,,,,,,,,,,,,,,,2500,2500,2700,66900,2400,4369,22738,82439,59708,51252,2056,11620,29237,147471,5892,6463,17089,13940,18352,15955,13995,55407,102179,9857,78308,16668,17956,22425,59165,84520,138636,46735,28947,8791,1528,3524,3659,7274,2264,3335,4594,4708,1875,2378,7692,5650
Thailand,Ind-E,Kawakawa,"Indian Ocean, Eastern",THA,KAW,36,"Tunas, bonitos, billfishes",tuna-billfish,,,,,,,,,,,,,,,,,,,,,145,436,414,680,489,1155,716,647,826,112,53,294,1225,448,742,1539,724,4552,2390,2392,4844,7637,8380,7501,6089,9051,7434,7003,6904,2566,6340,6232,4984,7089,7097,9764,9011,7028,7519,7832,6709,9997,5881,4710,5610,5633
Thailand,Pac-WC,Largehead hairtail,"Pacific, Western Central",THA,LHT,34,Miscellaneous demersal fishes,other marine fish,,,,,,,,,,,,,,,,,,,,,2900,3200,3400,4700,5200,5908,6178,7970,7296,5801,5392,5931,4620,2878,2856,2942,3727,4674,4257,3708,3666,2345,1741,2333,2812,4482,3361,4553,2486,6461,7342,8021,10154,9474,10037,8652,7234,7189,3287,3092,4521,7207,5261,5902,5636,5599
Thailand,Pac-WC,Monocle breams,"Pacific, Western Central",THA,MOB,33,Miscellaneous coastal fishes,other marine percoidids,,,,,,,,,,,,,,,,,,,,,4700,5200,5700,5700,4100,3024,3555,3111,159,446,439,211,5204,779,543,136,242,680,687,596,619,379,78,72,,77,98,344,644,54,94,46,62,45,16,8,6,57,0,47,1337,2649,1613,6521,7276,5131
Thailand,Pac-WC,Tonguefishes,"Pacific, Western Central",THA,TOX,31,"Flounders, halibuts, soles",pleuronectids,,,,,,,,,,,,,,,,,,,,,0,0,0,3600,3900,5296,5316,5907,6195,5284,5119,6638,6220,5369,4761,5430,6242,6300,6310,6646,5938,4323,4516,4781,7319,8418,6849,6717,6805,6322,7476,4966,6638,5997,3944,3920,3561,2463,1989,2049,4159,4170,3499,7137,4578,4935
Thailand,Ind-E,Bigeye scad,"Indian Ocean, Eastern",THA,BIS,37,Miscellaneous pelagic fishes,carangids-mackerels,,,,,,,,,,,,,,,,,,,,,0,0,0,0,0,0,0,0,0,0,0,0,0,0,0,0,0,0,0,0,0,0,0,0,0,0,1984,1904,3830,3442,3180,1506,2984,7938,3721,7991,8288,6924,6138,6294,7963,5359,5842,4323,4346,4837
Thailand,Pac-WC,Banana prawn,"Pacific, Western Central",THA,PBA,45,"Shrimps, prawns",shrimps,,,,,,,,,,,,,,,,,,,,,9600,10600,4800,9200,8900,10707,8400,8179,10624,9398,9939,14399,10190,8364,7380,6202,5668,6977,6830,7584,8444,7752,7336,8130,9108,9225,7133,7169,7648,8206,10385,10453,8953,7458,9284,11381,9294,7972,6924,5785,4603,4061,6184,6829,4293,4737
Thailand,Ind-E,Barracudas nei,"Indian Ocean, Eastern",THA,BAR,37,Miscellaneous pelagic fishes,other marine fish,,,,,,,,,,,,,,,,,,,,,0,0,0,200,600,533,236,1247,990,1584,1401,1653,1996,2147,2341,1744,2133,1607,1488,1847,3081,5623,5669,5523,5487,7726,10427,10554,10817,11297,9992,8202,9767,6526,7196,4880,4906,3716,5536,4574,7725,6742,4883,4068,4302,4378
Thailand,Ind-E,"Cuttlefish, bobtail squids nei","Indian Ocean, Eastern",THA,CTL,57,"Squids, cuttlefishes, octopuses",cephalopods,,,,,,,,,,,,,,,,,,,,,200,200,200,200,500,452,368,4328,3738,4277,3273,3693,3671,4842,8576,7036,6503,4967,3961,7846,6515,14952,16960,15911,14333,16561,20456,20630,18162,17942,18805,17916,20350,16153,21758,15278,14602,14962,8554,8191,5798,5303,4382,3744,3489,3857
Thailand,Pac-WC,Marine molluscs nei,"Pacific, Western Central",THA,MOL,58,Miscellaneous marine molluscs,bivalves-gastropods,,,,,,,,,,,,,,,,,,,,,15700,17200,8900,5500,4400,5405,3715,976,2670,2178,2722,2657,5140,3830,2751,3466,2394,2694,1745,2272,,233,226,322,0,0,0,0,99,1664,1391,1389,896,1864,4893,4029,4155,3762,3096,3227,3447,3900,3182,5840,4431,3638
Thailand,Ind-E,Longtail tuna,"Indian Ocean, Eastern",THA,LOT,36,"Tunas, bonitos, billfishes",tuna-billfish,,,,,,,,,,,,,,,,,,,,,27,205,194,320,227,544,338,305,390,1920,709,1606,7110,6782,5982,2411,1922,1820,1297,1529,1039,5620,2169,3536,2177,3731,2857,2788,2701,5799,4838,1726,3536,3907,2864,1819,2567,6218,4376,5714,2701,9568,7508,3681,4803,3495
Thailand,Pac-WC,"Snappers, jobfishes nei","Pacific, Western Central",THA,SNX,33,Miscellaneous coastal fishes,other marine percoidids,,,,,,,,,,,,,,,,,,,,,3900,4300,6300,3900,3600,3764,6094,3272,5417,4092,4272,4018,3760,3284,3631,3394,4710,4020,4856,4342,4679,2878,7887,13569,11008,12679,9180,8469,11559,8961,5242,4104,6577,6394,11201,10723,6422,5443,974,1070,1622,2033,3677,4210,3233,3312
Thailand,Pac-WC,"Rays, stingrays, mantas nei","Pacific, Western Central",THA,SRX,38,"Sharks, rays, chimaeras",elasmobranchs,1200,1200,1200,1400,1400,1000,1000,1900,1700,1700,2700,2500,2800,3200,3400,7300,7700,2700,4000,6300,3900,4300,5300,6900,5300,5652,3251,5250,4886,3885,4006,4071,3435,3365,3434,4583,7263,8054,5963,6386,5521,4050,3458,3702,7772,6448,4903,5115,4104,7591,8806,8047,11034,13737,11037,5136,4924,4114,3072,2893,2693,1988,2933,3671,3352,3294
Thailand,Pac-WC,Sea catfishes nei,"Pacific, Western Central",THA,CAX,33,Miscellaneous coastal fishes,other marine fish,,,,,,,,,,,,,,,,,,,,,11300,12700,11600,9100,7200,6476,3084,6035,1247,326,255,267,551,645,944,1158,1076,886,1229,759,840,690,706,6878,839,565,3680,3780,3334,8348,9184,7035,8916,8501,9651,7533,6699,5877,1095,1298,661,634,3408,3085,3232,3069
Thailand,Pac-WC,Marine crabs nei,"Pacific, Western Central",THA,CRA,42,"Crabs, sea-spiders",crabs-lobsters,,,,,,,,,,,,,,,,,,,,,0,0,0,400,200,379,3585,139,45,9,31,105,183,147,224,101,371,730,195,1356,1548,800,584,1452,2194,2093,921,989,1723,1510,788,1003,1413,2459,3551,4148,4950,4425,2184,2458,2534,2805,2526,2441,2084,2940
Thailand,Pac-WC,Sergestid shrimps nei,"Pacific, Western Central",THA,SHS,45,"Shrimps, prawns",shrimps,,,,,,,,,,,,,,,,,,,,,8100,8900,5400,14400,11700,18048,22118,18566,15737,11283,11818,11993,18057,16264,15610,15573,15969,16916,19872,21414,20114,18990,20751,19354,21375,19532,18387,15100,14315,6381,3098,3375,3748,4243,5149,8778,6785,6310,7124,7210,5768,4895,3270,1583,1696,2901
Thailand,Pac-WC,Bigfin reef squid,"Pacific, Western Central",THA,UHL,57,"Squids, cuttlefishes, octopuses",cephalopods,0,0,0,0,0,0,0,0,0,0,0,0,0,0,0,0,0,0,0,0,0,0,0,0,0,0,0,0,0,0,0,0,0,0,0,0,0,0,0,0,0,0,0,0,0,0,7691,9359,3907,5053,7213,5574,5826,6333,5500,3811,3584,3646,4528,4523,4061,2953,3615,4728,2448,2773
Thailand,Ind-E,Penaeus shrimps nei,"Indian Ocean, Eastern",THA,PEN,45,"Shrimps, prawns",shrimps,600,500,500,500,600,600,600,600,500,500,700,800,1000,1200,1500,1800,2300,3100,3700,3900,1600,1700,2200,3400,300,1009,1288,9402,8368,7947,3156,8302,7709,8091,7359,6996,7665,6524,6027,6254,5656,16205,11073,11010,11087,10185,11807,12272,9452,10965,8986,14100,7552,7855,7666,6828,6361,5483,4207,5229,4243,4190,3600,1985,2223,2655
Thailand,Pac-WC,"Groupers, seabasses nei","Pacific, Western Central",THA,BSX,33,Miscellaneous coastal fishes,other marine percoidids,,,,,,,,,,,,,,,,,,,,,0,0,0,0,0,0,0,0,0,0,0,0,0,0,0,0,0,0,0,0,0,0,0,0,5679,5431,5847,5649,5020,5465,5035,5112,5841,4993,3733,3880,3172,3175,1829,2022,2286,2062,3044,2800,2379,2652
Thailand,Pac-WC,Dorab wolf-herring,"Pacific, Western Central",THA,DOB,35,"Herrings, sardines, anchovies",forage fish,,,,,,,,,,,,,,,,,,,,,,4300,1300,1200,1500,2302,1293,1059,2297,4119,2415,2968,2113,2409,1991,2183,2481,3497,4118,4181,5531,5640,5550,6016,7352,9897,2741,2715,4724,6598,7493,5928,6739,7371,6203,5188,4711,3533,2742,2523,3297,2881,2789,2368,2543,2588
Thailand,Ind-E,Banana prawn,"Indian Ocean, Eastern",THA,PBA,45,"Shrimps, prawns",shrimps,,,,,,,,,,,,,,,,,,,,,0,0,0,0,200,731,1751,3149,8230,8258,4692,3410,3316,2691,3835,2533,3023,3230,2905,3219,2911,3236,3867,4478,3283,6100,6512,5464,4850,4574,4616,6479,9288,11792,6136,5749,5522,3382,3126,3096,3188,3030,5395,3598,2173,2230
Thailand,Ind-E,"Croakers, drums nei","Indian Ocean, Eastern",THA,CDX,33,Miscellaneous coastal fishes,other marine percoidids,,,,,,,,,,,,,,,,,,,,,1000,2000,2000,3100,4400,2533,5245,5513,3814,3280,2595,4214,3852,4178,5101,6062,8155,5753,5065,6811,7394,15521,14581,15773,15396,19750,24643,24913,29750,20975,23490,24711,27981,24097,20649,16409,16546,13841,13727,12792,10893,4187,4932,869,723,2169
Thailand,Pac-WC,Blackbanded trevally,"Pacific, Western Central",THA,RNJ,37,Miscellaneous pelagic fishes,carangids-mackerels,,,,,,,,,,,,,,,,,,,,,0,0,0,0,0,0,0,0,0,0,0,0,0,0,0,0,0,0,0,0,0,0,0,0,3934,4048,3603,3532,3088,3345,3188,2562,6532,6750,2386,2747,2326,1927,1253,1151,724,674,2045,2360,2000,2135
Thailand,Ind-E,"Snappers, jobfishes nei","Indian Ocean, Eastern",THA,SNX,33,Miscellaneous coastal fishes,other marine percoidids,,,,,,,,,,,,,,,,,,,,,500,500,600,600,900,410,138,1157,497,1516,830,940,813,1781,590,585,742,914,1126,875,1312,2876,1768,5798,6476,5532,5473,4359,3188,4280,2717,4332,5075,7101,6929,5714,5391,3977,1524,1742,1813,3825,2864,2005,1527,2132
Thailand,Pac-WC,Daggertooth pike conger,"Pacific, Western Central",THA,DPC,34,Miscellaneous demersal fishes,other marine fish,,,,,,,,,,,,,,,,,,,,,0,0,0,1200,900,1928,1206,2010,2134,2205,2136,2221,2025,1768,1425,1903,2374,2649,2238,1632,1786,1084,1043,2155,3112,2732,921,866,1178,1167,1141,1160,1205,1221,1882,1819,1606,1665,1330,1505,2294,2726,2076,2292,2030,2129
Thailand,Pac-WC,"Sharks, rays, skates, etc. nei","Pacific, Western Central",THA,SKX,38,"Sharks, rays, chimaeras",elasmobranchs,,,,,,,,,,,,,,,200,500,300,2600,4200,6300,3700,4000,2800,4400,3200,2730,3542,3482,2797,2647,2906,3004,2722,2363,2593,2873,3706,3847,3436,2769,2036,2427,1578,1934,2208,2812,3160,2993,3306,6302,7133,6785,9118,10492,5868,3915,3576,2958,1722,1808,1241,849,2170,2125,2042,2118
Thailand,Pac-WC,Mullets nei,"Pacific, Western Central",THA,MUL,33,Miscellaneous coastal fishes,other marine fish,,,,,,,,,,,,,,,,,,,,,3160,3450,1410,1320,1880,2638,4326,3913,6861,3437,3697,6481,3782,3497,2840,3283,4100,3484,3041,3279,3483,3719,3771,3273,3961,3678,3952,4075,3905,2700,3106,4312,2867,2384,2267,2956,2345,2216,3560,3790,2848,3526,3371,2172,2398,1983
Thailand,Pac-WC,Indian halibut,"Pacific, Western Central",THA,HAI,31,"Flounders, halibuts, soles",pleuronectids,,,,,,,,,,,,,,,,,,,,,0,0,0,4800,3200,3663,2904,3861,3908,3077,3491,3960,2662,1779,2354,2382,3307,3678,3139,3026,2912,1266,1071,968,1216,1657,1368,1313,1130,1828,1904,752,942,1253,1759,2138,1802,1580,1000,1002,744,900,1259,2501,1691,1817
Thailand,Ind-E,"Octopuses, etc. nei","Indian Ocean, Eastern",THA,OCT,57,"Squids, cuttlefishes, octopuses",cephalopods,,,,,,,,,,,,,,,,,,,,,0,0,0,0,0,0,0,0,0,51,0,162,47,122,211,303,1028,431,476,1429,2704,6353,5897,7027,4608,5541,10702,10919,14989,12880,13073,14267,13644,10249,11028,5960,4983,4750,4766,4007,2776,2352,2276,1634,1413,1775
Thailand,Pac-WC,Black pomfret,"Pacific, Western Central",THA,POB,37,Miscellaneous pelagic fishes,carangids-mackerels,,,,,,,,,,,,,,,,,,,,,2000,2200,2600,3000,2200,3773,2997,2581,2878,1285,1498,1661,1669,1552,2176,2648,4304,4357,4902,3408,3517,2098,1979,1895,2545,3583,3483,3272,1905,4660,3240,3801,4003,3665,3216,2884,2451,2800,1750,1863,1858,1671,1756,1864,1658,1746
Thailand,Ind-E,Largehead hairtail,"Indian Ocean, Eastern",THA,LHT,34,Miscellaneous demersal fishes,other marine fish,,,,,,,,,,,,,,,,,,,,,0,0,0,100,300,192,138,1502,1057,895,595,927,530,561,804,1657,1405,1239,1612,1930,2636,2695,1243,2972,5278,10015,11712,13033,16223,9509,8737,8263,9719,8123,7359,6799,7372,6060,3189,3489,2793,2983,3030,840,561,1477
Thailand,Ind-E,Bigfin reef squid,"Indian Ocean, Eastern",THA,UHL,57,"Squids, cuttlefishes, octopuses",cephalopods,0,0,0,0,0,0,0,0,0,0,0,0,0,0,0,0,0,0,0,0,0,0,0,0,0,0,0,0,0,0,0,0,0,0,0,0,0,0,0,0,0,0,0,0,0,0,2830,2614,331,3296,3562,3345,5073,2335,2173,2330,2171,2465,3271,2431,1769,1253,1269,1249,792,1312
Thailand,Pac-WC,Sillago-whitings,"Pacific, Western Central",THA,WHS,33,Miscellaneous coastal fishes,other marine percoidids,,,,,,,,,,,,,,,,,,,,,800,800,900,1700,1700,1141,1083,1949,3647,2447,1868,1832,1280,1386,2205,3063,3123,3373,3678,3251,2177,2419,2016,1956,2490,3785,2901,2594,2156,1746,2012,2446,3934,3869,6948,8718,8620,9399,1993,2394,1193,870,1442,1451,1583,1249
Thailand,Ind-E,Dorab wolf-herring,"Indian Ocean, Eastern",THA,DOB,35,"Herrings, sardines, anchovies",forage fish,,,,,,,,,,,,,,,,,,,,,,0,0,0,0,0,230,1068,1173,1615,1159,1236,731,946,607,491,668,1006,809,1131,2336,3268,2214,3124,3794,6090,7551,7744,7648,8451,6715,6663,7864,6258,6707,5082,4806,4099,2459,2525,2396,1955,2180,810,731,1248
Thailand,Ind-E,Mullets nei,"Indian Ocean, Eastern",THA,MUL,33,Miscellaneous coastal fishes,other marine fish,,,,,,,,,,,,,,,,,,,,,0,0,0,0,0,0,6,365,1512,792,638,568,1630,1814,1385,1625,1079,1103,1607,1642,1251,956,831,737,1125,793,1135,1322,1644,2798,5268,4827,4132,4065,1881,1624,1718,2275,2967,4399,4120,2869,2940,1863,1243,1198
Thailand,Ind-E,Metapenaeus shrimps nei,"Indian Ocean, Eastern",THA,MET,45,"Shrimps, prawns",shrimps,,,,,,,,,,,,,,,,,,,,,100,100,100,100,200,596,9963,3299,1857,1528,1,1124,413,504,739,815,1217,1167,1237,1275,1242,2255,1400,1386,1634,3978,3587,3613,2726,2559,1162,2011,1720,3060,3207,3783,4333,2968,2225,2467,3284,2442,1918,952,728,1170
Thailand,Ind-E,Marine crabs nei,"Indian Ocean, Eastern",THA,CRA,42,"Crabs, sea-spiders",crabs-lobsters,,,,,,,,,,,,,,,,,,,,,0,0,0,0,0,0,0,0,0,2,8,0,15,37,117,11,192,0,114,530,1048,3362,2839,2803,2475,3242,5680,5885,5812,6947,6528,7048,8011,7538,6288,4142,3564,3145,3012,3429,4321,1790,1662,938,732,1033
Thailand,Ind-E,"Groupers, seabasses nei","Indian Ocean, Eastern",THA,BSX,33,Miscellaneous coastal fishes,other marine percoidids,,,,,,,,,,,,,,,,,,,,,0,0,0,0,0,0,0,0,0,0,0,0,0,0,0,0,0,0,0,0,0,0,0,0,2600,3778,3502,3295,4290,2585,2592,2516,4104,3133,3776,3480,3228,3024,1966,1977,2690,1804,1356,1245,947,1032
Thailand,Ind-E,Seerfishes nei,"Indian Ocean, Eastern",THA,KGX,36,"Tunas, bonitos, billfishes",carangids-mackerels,,,,,,,,,,,,,,,,,,,,,306,531,396,757,288,327,1532,2071,1305,2113,2018,2482,1887,1892,1219,1951,2283,2833,1939,2503,2967,2848,3911,4125,3077,4770,3835,3651,3580,4814,4213,4861,6275,6343,6429,7114,8121,6509,4752,4333,2145,2227,2439,1174,1044,1017
Thailand,Ind-E,Sillago-whitings,"Indian Ocean, Eastern",THA,WHS,33,Miscellaneous coastal fishes,other marine percoidids,,,,,,,,,,,,,,,,,,,,,0,0,0,100,200,421,139,476,805,440,373,504,149,247,293,884,1006,846,1048,959,1382,1360,1228,1444,1593,2781,2532,3144,3345,6240,5659,7057,8755,10792,7758,8219,9696,6457,2037,1858,1357,1881,1465,1042,980,987
Thailand,Ind-E,Frigate and bullet tunas,"Indian Ocean, Eastern",THA,FRZ,36,"Tunas, bonitos, billfishes",tuna-billfish,,,,,,,,,,,,,,,,,,,,,195,483,455,729,522,1240,773,684,889,110,36,185,1321,492,729,1698,800,7471,1588,1180,1000,1000,1360,1220,989,1471,1208,1137,1122,419,1034,1018,814,1160,1159,1593,1470,1149,1267,1303,1108,1633,962,770,923,924
Thailand,Pac-WC,Indo-Pacific swamp crab,"Pacific, Western Central",THA,MUD,42,"Crabs, sea-spiders",crabs-lobsters,,,,,,,,,,,,,,,,,,,,,3200,3500,2800,2500,3600,4435,3092,3618,2381,2210,2057,2433,2695,2248,2368,2580,2810,3101,2523,2904,2328,3129,2434,2972,2541,2268,1716,1610,1848,3763,3426,2955,703,596,2051,1297,4327,1936,1205,1063,1044,1084,2185,921,657,921
Thailand,Pac-WC,Flathead lobster,"Pacific, Western Central",THA,THQ,43,"Lobsters, spiny-rock lobsters",crabs-lobsters,,,,,,,,,,,,,,,,,,,,,1500,1600,1500,1100,1400,1624,1529,2583,2302,1768,890,1405,1027,645,1016,1239,1271,1715,1321,1062,1192,1190,931,1236,861,1730,2716,2785,3005,1760,2289,1797,2035,2474,2179,1837,1619,1457,908,664,716,1032,1161,766,608,774
Thailand,Ind-E,"Rays, stingrays, mantas nei","Indian Ocean, Eastern",THA,SRX,38,"Sharks, rays, chimaeras",elasmobranchs,800,800,800,800,900,600,600,1200,1000,1100,1600,1500,1700,1900,2100,4400,4700,1700,2500,3800,2400,2600,3200,1600,3800,2682,3483,2132,1107,1387,1434,1612,1833,1841,1435,1397,1927,1708,1631,1556,2432,3237,1908,2099,2370,3520,5075,5238,4185,4688,4844,5085,5256,4394,6454,7858,5209,4002,3173,3039,2122,1388,1339,405,412,728
Thailand,Ind-E,Indo-Pacific swamp crab,"Indian Ocean, Eastern",THA,MUD,42,"Crabs, sea-spiders",crabs-lobsters,,,,,,,,,,,,,,,,,,,,,0,0,0,0,0,0,17,627,3865,1949,2494,2089,1950,1137,1866,1726,1578,1750,1914,2061,1854,1797,2296,1816,3653,3508,2527,2421,1884,1973,3495,2462,3120,663,808,447,2691,1410,539,919,1086,1502,720,1231,976,716
Thailand,Ind-E,Monocle breams,"Indian Ocean, Eastern",THA,MOB,33,Miscellaneous coastal fishes,other marine percoidids,,,,,,,,,,,,,,,,,,,,,0,0,0,200,500,361,0,1031,32,186,196,181,673,261,749,375,420,678,258,32,0,0,0,1,0,0,0,0,0,0,0,0,0,0,0,0,0,0,0,0,745,693,791,507,830,709
Thailand,Ind-E,Sea catfishes nei,"Indian Ocean, Eastern",THA,CAX,33,Miscellaneous coastal fishes,other marine fish,,,,,,,,,,,,,,,,,,,,,1000,1000,1000,1900,2200,1875,4057,3472,288,371,551,1197,328,606,523,322,98,33,55,64,69,85,91,952,60,58,2004,1924,4207,4250,2033,4642,5751,6470,6378,2748,2580,1591,2269,1873,1125,1245,1313,194,387,642
Thailand,Ind-E,Tonguefishes,"Indian Ocean, Eastern",THA,TOX,31,"Flounders, halibuts, soles",pleuronectids,,,,,,,,,,,,,,,,,,,,,0,0,0,0,200,122,737,2238,1674,1797,850,860,610,1154,1021,1098,1214,957,936,1226,2155,3233,3199,3203,3164,4383,8162,8313,9292,9011,8802,9776,11998,6775,6621,3276,3687,3526,2357,2273,1666,781,793,571,534,633
Thailand,Pac-WC,Stomatopods nei,"Pacific, Western Central",THA,SVX,47,Miscellaneous marine crustaceans,other invertebrates,,,,,,,,,,,,,,,,,,,,,0,0,0,0,0,0,0,0,0,0,0,0,0,0,0,0,0,0,0,0,0,0,0,0,0,0,181,176,457,750,866,1634,1474,1856,1994,1638,1526,1014,845,505,534,236,271,910,717,612
Thailand,Ind-E,Flathead lobster,"Indian Ocean, Eastern",THA,THQ,43,"Lobsters, spiny-rock lobsters",crabs-lobsters,,,,,,,,,,,,,,,,,,,,,0,0,0,100,100,31,46,175,181,172,78,150,101,49,109,114,131,89,30,90,138,81,134,199,225,335,299,177,533,37,23,58,282,629,588,503,620,414,97,150,267,96,124,1066,381,501
Thailand,Pac-WC,Scallops nei,"Pacific, Western Central",THA,SCX,55,"Scallops, pectens",bivalves-gastropods,,,,,,,,,,,,,,,,,,,,,0,0,0,0,0,0,0,0,0,0,0,0,0,0,0,0,0,0,0,0,0,0,0,0,534,588,547,503,1182,550,259,234,124,180,156,286,272,237,171,132,268,271,421,319,718,486
Thailand,Pac-WC,Blood cockle,"Pacific, Western Central",THA,BLC,56,"Clams, cockles, arkshells",bivalves-gastropods,,,,,,,,,,,,,,,,,,,,,0,0,0,0,0,0,0,0,0,0,0,0,0,0,0,0,0,0,0,0,0,0,0,0,0,0,0,0,421,1750,948,1248,1174,2427,2523,1966,1417,1204,1219,1416,1464,1459,1940,1565,582,482
Thailand,Pac-WC,Silver pomfret,"Pacific, Western Central",THA,SIP,37,Miscellaneous pelagic fishes,other marine fish,,,,,,,,,,,,,,,,,,,,,500,500,500,1500,1200,1426,474,1488,699,275,258,137,406,487,378,313,408,521,853,321,338,291,1281,1223,1515,515,588,521,153,96,272,299,621,955,596,542,670,2587,457,476,271,149,577,549,386,480
Thailand,Pac-WC,Giant tiger prawn,"Pacific, Western Central",THA,GIT,45,"Shrimps, prawns",shrimps,,,,,,,,,,,,,,,,,,,,,300,300,200,1000,300,373,36,393,452,559,178,73,90,93,85,158,,153,,,,,,,488,373,572,631,341,1043,1580,989,660,580,1666,1999,2013,1682,2116,1739,1366,582,612,392,549,451
Thailand,Pac-WC,"Threadfins, tasselfishes nei","Pacific, Western Central",THA,THF,33,Miscellaneous coastal fishes,other marine percoidids,,,,,,,,,,,,,,,,,,,,,1500,1500,1700,1700,2300,4412,1375,1257,9094,939,925,901,1326,1526,1716,1766,1228,1058,1493,1707,1635,946,1134,2365,2132,1010,1106,1041,1196,404,358,306,644,400,511,524,837,443,240,238,858,792,952,1206,702,434
Thailand,Ind-E,Green tiger prawn,"Indian Ocean, Eastern",THA,TIP,45,"Shrimps, prawns",shrimps,,,,,,,,,,,,,,,,,,,,,100,100,100,100,100,260,616,1211,2120,3036,655,698,447,798,747,626,751,640,737,740,467,665,441,673,760,1909,2427,2449,2180,2212,1584,1404,702,798,805,967,841,665,771,634,907,1158,790,206,247,412
Thailand,Ind-E,"Sharks, rays, skates, etc. nei","Indian Ocean, Eastern",THA,SKX,38,"Sharks, rays, chimaeras",elasmobranchs,,,,,,,,,,,,,,,100,200,100,1000,1600,2400,1400,1600,3100,700,1400,1040,1163,1334,985,1430,1110,1502,1560,901,631,373,626,750,408,500,961,1342,632,577,879,2501,4615,4623,4431,3816,3906,4361,4800,3917,4287,3836,2506,2042,1112,1229,627,575,703,292,157,377
Thailand,Ind-E,Daggertooth pike conger,"Indian Ocean, Eastern",THA,DPC,34,Miscellaneous demersal fishes,other marine fish,,,,,,,,,,,,,,,,,,,,,0,0,0,300,900,1237,1100,1554,1338,1966,515,641,116,60,134,60,391,153,147,296,396,1152,1508,1034,789,1321,694,734,465,1178,551,929,939,1011,919,1143,966,868,709,937,832,507,449,344,324,372
Thailand,Ind-E,Blackbanded trevally,"Indian Ocean, Eastern",THA,RNJ,37,Miscellaneous pelagic fishes,carangids-mackerels,,,,,,,,,,,,,,,,,,,,,0,0,0,0,0,0,0,0,0,0,0,0,0,0,0,0,0,0,0,0,0,0,0,0,1373,2882,3666,3564,2954,2700,2227,1970,2852,2171,2936,1795,2425,1653,1394,1483,541,548,759,213,101,358
Thailand,Ind-E,Giant tiger prawn,"Indian Ocean, Eastern",THA,GIT,45,"Shrimps, prawns",shrimps,,,,,,,,,,,,,,,,,,,,,0,0,0,0,0,0,58,110,98,257,52,168,49,353,267,199,282,142,393,394,348,331,396,536,153,799,1993,1837,871,1209,693,725,1205,2297,570,1103,1329,996,1021,871,682,841,817,135,73,334
Thailand,Ind-E,Indian halibut,"Indian Ocean, Eastern",THA,HAI,31,"Flounders, halibuts, soles",pleuronectids,,,,,,,,,,,,,,,,,,,,,0,0,0,0,100,73,334,1473,744,493,246,318,226,154,219,448,581,274,226,209,421,378,262,914,2689,2741,5926,6110,1612,518,330,397,414,1405,1303,2535,2761,1766,1220,1257,716,573,731,124,126,327
Thailand,Ind-E,Aquatic invertebrates nei,"Indian Ocean, Eastern",THA,INV,77,Miscellaneous aquatic invertebrates,other invertebrates,,,,,,,,,,,,,,,,,,,,,0,0,0,0,0,0,0,0,36,55,101,84,98,22,47,33,12,27,25,23,0,0,0,0,0,0,0,0,0,0,0,0,0,0,0,3,0,0,3,0,0,314,190,1136,287,306
Thailand,Pac-WC,Eeltail catfishes,"Pacific, Western Central",THA,CAE,33,Miscellaneous coastal fishes,other marine fish,,,,,,,,,,,,,,,,,,,,,0,0,0,0,0,0,0,0,0,0,0,0,0,0,0,0,0,0,0,0,0,0,0,0,839,565,767,647,1093,556,1244,1084,1029,148,209,159,176,137,103,216,316,340,415,390,416,291
Thailand,Ind-E,Black pomfret,"Indian Ocean, Eastern",THA,POB,37,Miscellaneous pelagic fishes,carangids-mackerels,,,,,,,,,,,,,,,,,,,,,0,0,0,100,100,150,334,720,571,1482,547,480,268,563,310,399,208,356,333,439,920,1076,1275,1181,1957,2080,2900,2981,1013,1219,769,399,455,922,922,1073,934,832,907,849,582,393,626,152,91,289
Thailand,Pac-WC,Western king prawn,"Pacific, Western Central",THA,WKP,45,"Shrimps, prawns",shrimps,,,,,,,,,,,,,,,,,,,,,500,600,600,1400,1200,1074,1241,1420,2007,1923,1926,1740,1237,1469,1264,1242,1455,1524,1409,1521,1364,1271,1624,1399,1304,1486,1600,1838,1775,2546,2993,2353,2616,1884,2081,1965,2023,1940,1503,1448,877,400,790,608,303,251
Thailand,Ind-E,Silver pomfret,"Indian Ocean, Eastern",THA,SIP,37,Miscellaneous pelagic fishes,other marine fish,,,,,,,,,,,,,,,,,,,,,300,400,400,1800,900,846,748,872,801,1093,287,230,202,394,200,740,373,175,205,373,592,843,372,434,1036,1371,1100,1096,225,299,135,135,97,386,409,879,911,586,685,802,496,456,604,107,70,240
Thailand,Ind-E,Bigeye tuna,"Indian Ocean, Eastern",THA,BET,36,"Tunas, bonitos, billfishes",tuna-billfish,,,,,,,,,,,,,,,,,,,,,0,0,0,0,0,0,0,0,0,0,0,0,0,0,0,0,0,0,0,0,0,0,0,0,0,0,0,0,0,0,342,154,9,65,33,31,83,342,36,153,172,67,107,225,271,207
Thailand,Pac-WC,Green tiger prawn,"Pacific, Western Central",THA,TIP,45,"Shrimps, prawns",shrimps,,,,,,,,,,,,,,,,,,,,,1500,1600,1600,3000,2500,2211,1291,2742,1124,1543,1586,1159,1038,872,702,667,424,439,386,308,312,315,325,323,642,711,1042,1068,839,609,714,611,911,1591,1751,2065,2028,1718,1929,1427,908,346,256,154,230,204
Thailand,Ind-W,Bigeye tuna,"Indian Ocean, Western",THA,BET,36,"Tunas, bonitos, billfishes",tuna-billfish,,,,,,,,,,,,,,,,,,,,,0,0,0,0,0,0,0,0,0,0,0,0,0,0,0,0,0,0,0,0,0,0,0,0,0,0,0,0,0,0,0,40,10,31,78,1710,4103,1521,2332,2309,171,182,341,224,101,197
Thailand,Ind-E,Western king prawn,"Indian Ocean, Eastern",THA,WKP,45,"Shrimps, prawns",shrimps,,,,,,,,,,,,,,,,,,,,,0,0,0,0,0,0,0,164,85,94,0,81,60,383,277,133,239,239,167,203,182,358,357,739,385,1475,1674,1724,1501,1518,407,351,694,1711,1353,1865,1817,1769,1412,1100,792,787,522,0,17,180
Thailand,Pac-WC,Barramundi(=Giant seaperch),"Pacific, Western Central",THA,GIP,25,Miscellaneous diadromous fishes,other marine percoidids,,,,,,,,,,,,,,,,,,,,,0,0,0,0,0,0,0,0,0,0,0,0,0,0,0,0,0,0,0,0,0,0,0,0,411,14,421,38,42,55,742,378,426,68,37,40,46,35,7,18,8,7,8,77,173,162
Thailand,Ind-E,Eeltail catfishes,"Indian Ocean, Eastern",THA,CAE,33,Miscellaneous coastal fishes,other marine fish,,,,,,,,,,,,,,,,,,,,,0,0,0,0,0,0,0,0,0,0,0,0,0,0,0,0,0,0,0,0,0,0,0,0,60,58,74,116,108,75,67,62,42,158,48,173,101,179,59,118,123,207,85,215,194,160
Thailand,Ind-E,Yellowfin tuna,"Indian Ocean, Eastern",THA,YFT,36,"Tunas, bonitos, billfishes",tuna-billfish,,,,,,,,,,,,,,,,,,,,,0,0,0,0,0,0,0,0,0,0,0,0,0,0,0,0,0,0,0,0,0,0,0,0,0,0,0,0,0,0,428,242,63,66,3,0,86,278,60,72,1006,15,,57,124,109
Thailand,Ind-W,Yellowfin tuna,"Indian Ocean, Western",THA,YFT,36,"Tunas, bonitos, billfishes",tuna-billfish,,,,,,,,,,,,,,,,,,,,,0,0,0,0,0,0,0,0,0,0,0,0,0,0,0,0,0,0,0,0,0,0,0,0,0,0,0,0,0,0,0,208,6,2,148,2348,2508,1083,1023,1117,346,77,82,57,187,107
Thailand,Ind-E,"Threadfins, tasselfishes nei","Indian Ocean, Eastern",THA,THF,33,Miscellaneous coastal fishes,other marine percoidids,,,,,,,,,,,,,,,,,,,,,300,500,500,900,1500,487,40,31,15,3,34,272,103,177,122,28,501,230,580,568,561,1353,754,788,3811,1194,444,38,109,28,29,27,31,378,99,694,185,117,51,67,51,77,57,49,77,84
Thailand,Ind-W,Swordfish,"Indian Ocean, Western",THA,SWO,36,"Tunas, bonitos, billfishes",tuna-billfish,,,,,,,,,,,,,,,,,,,,,0,0,0,0,0,0,0,0,0,0,0,0,0,0,0,0,0,0,0,0,0,0,0,0,0,0,0,0,0,0,0,8,0,3,17,4,0,6,59,55,81,13,25,57,78,66
Thailand,Ind-W,Albacore,"Indian Ocean, Western",THA,ALB,36,"Tunas, bonitos, billfishes",tuna-billfish,,,,,,,,,,,,,,,,,,,,,0,0,0,0,0,0,0,0,0,0,0,0,0,0,0,0,0,0,0,0,0,0,0,0,0,0,0,0,0,0,0,4,0,16,166,122,380,115,23,24,263,10,3,2,416,65
Thailand,Ind-W,"Sharks, rays, skates, etc. nei","Indian Ocean, Western",THA,SKX,38,"Sharks, rays, chimaeras",elasmobranchs,0,0,0,0,0,0,0,0,0,0,0,0,0,0,0,0,0,0,0,0,0,0,0,0,0,0,0,0,0,0,0,0,0,0,0,0,0,0,0,0,0,0,0,0,0,0,0,0,0,0,0,0,0,0,0,0,0,0,0,0,0,4,19,,56,58
Thailand,Ind-E,Barramundi(=Giant seaperch),"Indian Ocean, Eastern",THA,GIP,25,Miscellaneous diadromous fishes,other marine percoidids,,,,,,,,,,,,,,,,,,,,,0,0,0,0,0,0,0,0,0,0,0,0,0,0,0,0,0,0,0,0,0,0,0,0,2688,46,168,131,1007,30,91,119,130,122,149,28,367,71,47,60,23,40,67,30,35,57
Thailand,Ind-E,Marine molluscs nei,"Indian Ocean, Eastern",THA,MOL,58,Miscellaneous marine molluscs,bivalves-gastropods,,,,,,,,,,,,,,,,,,,,,0,0,0,0,0,0,0,0,0,572,126,2313,439,1751,1539,2199,5515,7072,2824,2080,,15,26,13,0,5,0,0,27,25,12,46,0,9,44,0,68,1,1,0,2,19,11,11,142,57
Thailand,Ind-E,Sergestid shrimps nei,"Indian Ocean, Eastern",THA,SHS,45,"Shrimps, prawns",shrimps,,,,,,,,,,,,,,,,,,,,,0,0,0,0,0,0,0,0,0,2924,3153,2838,2789,4889,3200,3245,3390,3139,3147,3017,3004,2763,3232,2654,2455,4194,3740,2388,1057,1279,659,632,865,690,585,1154,95,63,153,2060,1711,145,93,51,64,49
Thailand,Ind-E,Stomatopods nei,"Indian Ocean, Eastern",THA,SVX,47,Miscellaneous marine crustaceans,other invertebrates,,,,,,,,,,,,,,,,,,,,,0,0,0,0,0,0,0,0,0,0,0,0,0,0,0,0,0,0,0,0,0,0,0,0,0,0,0,0,1,116,9,243,811,661,654,375,227,139,1,11,116,8,5,38,97,46
Thailand,Ind-E,Albacore,"Indian Ocean, Eastern",THA,ALB,36,"Tunas, bonitos, billfishes",tuna-billfish,,,,,,,,,,,,,,,,,,,,,0,0,0,0,0,0,0,0,0,0,0,0,0,0,0,0,0,0,0,0,0,0,0,0,0,0,0,0,0,0,3,2,0,47,29,21,14,0,0,0,0,2,0,2,14,37
Thailand,Ind-W,Black marlin,"Indian Ocean, Western",THA,BLM,36,"Tunas, bonitos, billfishes",tuna-billfish,,,,,,,,,,,,,,,,,,,,,0,0,0,0,0,0,0,0,0,0,0,0,0,0,0,0,0,0,0,0,0,0,0,0,0,0,0,0,0,0,0,11,1,0,4,1,0,2,0,0,0,0,0,0,18,23
Thailand,Ind-E,Short neck clams nei,"Indian Ocean, Eastern",THA,NCL,56,"Clams, cockles, arkshells",bivalves-gastropods,,,,,,,,,,,,,,,,,,,,,,,,,,,,,,,,,1000,3317,1,995,4802,2152,8228,3411,1254,130,4136,2738,5070,10800,18329,11625,6204,27366,23130,18788,0,270,230,,,,1800,2025,1985,0,0,0,66,22
Thailand,Ind-E,Scallops nei,"Indian Ocean, Eastern",THA,SCX,55,"Scallops, pectens",bivalves-gastropods,,,,,,,,,,,,,,,,,,,,,0,0,0,0,0,0,0,0,0,0,0,0,0,0,0,0,0,0,0,0,0,0,0,0,12,18,5,5,3,1,14,0,0,0,0,0,0,0,0,0,0,11,0,6,39,15
Thailand,Pac-WC,Aquatic invertebrates nei,"Pacific, Western Central",THA,INV,77,Miscellaneous aquatic invertebrates,other invertebrates,,,,,,,,,,,,,,,,,,,,,8300,9400,3200,2200,3900,150,15,17,1520,2255,953,312,40,665,654,4231,1154,1669,1,0,0,25,200,0,0,0,0,0,0,34,219,1749,339,489,274,3258,1585,1049,609,426,194,29,22,45,16,4
Thailand,Ind-W,Striped marlin,"Indian Ocean, Western",THA,MLS,36,"Tunas, bonitos, billfishes",tuna-billfish,,,,,,,,,,,,,,,,,,,,,0,0,0,0,0,0,0,0,0,0,0,0,0,0,0,0,0,0,0,0,0,0,0,0,0,0,0,0,0,0,0,0,0,0,3,1,0,0,0,0,0,0,0,0,11,2
Thailand,Ind-E,Swordfish,"Indian Ocean, Eastern",THA,SWO,36,"Tunas, bonitos, billfishes",tuna-billfish,,,,,,,,,,,,,,,,,,,,,0,0,0,0,0,0,0,0,0,0,0,0,0,0,0,0,0,0,0,0,0,0,0,0,0,0,0,0,0,0,15,6,1,10,2,1,2,2,0,0,0,3,,,,2
Thailand,Ind-E,Black marlin,"Indian Ocean, Eastern",THA,BLM,36,"Tunas, bonitos, billfishes",tuna-billfish,,,,,,,,,,,,,,,,,,,,,0,0,0,0,0,0,0,0,0,0,0,0,0,0,0,0,0,0,0,0,0,0,0,0,0,0,0,0,0,0,0,5,2,0,0,0,1,2,0,0,0,0,0,0,0,1
Thailand,Ind-W,Indo-Pacific sailfish,"Indian Ocean, Western",THA,SFA,36,"Tunas, bonitos, billfishes",tuna-billfish,,,,,,,,,,,,,,,,,,,,,0,0,0,0,0,0,0,0,0,0,0,0,0,0,0,0,0,0,0,0,0,0,0,0,0,0,0,0,0,0,0,1,0,0,6,1,0,0,0,0,0,0,0,0,0,1
Thailand,Ind-E,Blood cockle,"Indian Ocean, Eastern",THA,BLC,56,"Clams, cockles, arkshells",bivalves-gastropods,,,,,,,,,,,,,,,,,,,,,0,0,0,0,0,1250,5159,48,248,4478,2046,1859,1223,1373,4048,7552,1027,2170,0,2450,2716,0,0,0,0,0,0,0,20,7,24,34,32,35,44,13,0,0,0,0,0,0,0,0,0,0
Thailand,Ind-E,Blue marlin,"Indian Ocean, Eastern",THA,BUM,36,"Tunas, bonitos, billfishes",tuna-billfish,,,,,,,,,,,,,,,,,,,,,0,0,0,0,0,0,0,0,0,0,0,0,0,0,0,0,0,0,0,0,0,0,0,0,0,0,0,0,0,0,12,1,0,11,2,0,2,0,0,0,0,0,0,0,0,0
Thailand,Ind-W,Blue marlin,"Indian Ocean, Western",THA,BUM,36,"Tunas, bonitos, billfishes",tuna-billfish,,,,,,,,,,,,,,,,,,,,,0,0,0,0,0,0,0,0,0,0,0,0,0,0,0,0,0,0,0,0,0,0,0,0,0,0,0,0,0,0,0,1,0,2,20,4,3,0,0,0,0,0,0,0,1,0
Thailand,Ind-E,"Butterfishes, pomfrets nei","Indian Ocean, Eastern",THA,BUX,37,Miscellaneous pelagic fishes,other marine fish,,,,,,,,,,,,,,,,,,,,,0,0,0,0,0,0,0,0,0,0,0,0,0,0,0,0,0,0,0,0,0,0,0,0,0,0,0,0,0,0,16,0,0,0,0,0,0,0,0,0,0,0,0,0,0,0
Thailand,Ind-E,Cupped oysters nei,"Indian Ocean, Eastern",THA,OYC,53,Oysters,bivalves-gastropods,,,,,,,,,,,,,,,,,,,,,0,0,0,0,0,0,0,397,221,562,605,573,1981,1688,762,1626,645,889,546,1176,401,0,0,0,0,0,0,0,0,0,0,0,0,0,0,0,0,0,0,0,0,0,0,0,0,0
Thailand,Pac-WC,Cupped oysters nei,"Pacific, Western Central",THA,OYC,53,Oysters,bivalves-gastropods,,,,,,,,,,,,,,,,,,,,,0,0,0,0,0,0,0,0,0,0,0,266,136,173,118,99,214,160,113,223,1,0,0,0,0,0,0,0,0,0,0,0,0,0,0,0,0,0,0,0,0,0,0,0,0,0
Thailand,Ind-E,False trevally,"Indian Ocean, Eastern",THA,TRF,37,Miscellaneous pelagic fishes,other marine percoidids,,,,,,,,,,,,,,,,,,,,,0,0,0,100,100,167,169,57,5,0,1,5,15,2,26,10,8,6,0,0,0,0,0,0,0,0,0,0,0,0,0,0,0,0,0,0,0,0,0,0,0,0,0,0,0,0
Thailand,Pac-WC,False trevally,"Pacific, Western Central",THA,TRF,37,Miscellaneous pelagic fishes,other marine percoidids,,,,,,,,,,,,,,,,,,,,,600,600,500,700,500,478,10,103,223,72,144,343,17,42,20,0,0,0,0,0,0,0,0,0,0,0,0,0,0,0,0,0,0,0,0,0,0,0,0,0,0,0,0,0,0,0
Thailand,Ind-E,Green mussel,"Indian Ocean, Eastern",THA,MSV,54,Mussels,bivalves-gastropods,,,,,,,,,,,,,,,,,,,,,0,0,0,0,0,0,0,0,0,0,0,0,0,0,31,21,8,24,15,10,12,0,0,0,0,0,0,0,0,0,0,0,0,0,0,0,0,0,0,0,0,0,0,0,0,0
Thailand,Ind-E,Horse mussels nei,"Indian Ocean, Eastern",THA,MOD,54,Mussels,bivalves-gastropods,,,,,,,,,,,,,,,,,,,,,0,0,0,0,0,0,0,222,204,1556,825,1196,1682,3250,2139,1579,2502,4407,7973,6608,3533,0,0,0,0,0,0,0,0,0,21,293,267,24,0,30,0,0,0,0,0,0,0,0,0,0
Thailand,Pac-WC,Horse mussels nei,"Pacific, Western Central",THA,MOD,54,Mussels,bivalves-gastropods,,,,,,,,,,,,,,,,,,,,,35520,39010,16100,16580,12760,29757,43053,15282,16871,13543,7924,16028,30699,9332,10534,6005,5632,10470,22101,5597,2517,0,0,0,0,0,0,0,0,0,73,94,0,0,0,0,0,0,0,0,0,0,0,0,0,0
Thailand,Ind-E,Indo-Pacific sailfish,"Indian Ocean, Eastern",THA,SFA,36,"Tunas, bonitos, billfishes",tuna-billfish,,,,,,,,,,,,,,,,,,,,,0,0,0,0,0,0,0,0,0,0,0,0,0,0,0,0,0,0,0,0,0,0,0,0,0,0,0,0,0,0,0,0,1,0,0,0,0,0,0,0,0,0,0,0,0,0
Thailand,Ind-W,Marine fishes nei,"Indian Ocean, Western",THA,MZZ,39,Marine fishes not identified,other marine fish,0,0,0,0,0,0,0,0,0,0,0,0,0,0,0,0,0,0,0,0,0,0,0,0,0,0,0,0,0,0,0,0,0,0,0,0,0,0,0,0,0,0,0,0,0,0,0,0,0,0,0,0,0,0,0,0,0,0,6,0,0,0,0,3,,0
Thailand,Ind-W,Shortbill spearfish,"Indian Ocean, Western",THA,SSP,36,"Tunas, bonitos, billfishes",tuna-billfish,,,,,,,,,,,,,,,,,,,,,0,0,0,0,0,0,0,0,0,0,0,0,0,0,0,0,0,0,0,0,0,0,0,0,0,0,0,0,0,0,0,0,0,0,1,0,0,0,0,0,0,0,0,0,0,0
Thailand,Ind-W,Skipjack tuna,"Indian Ocean, Western",THA,SKJ,36,"Tunas, bonitos, billfishes",tuna-billfish,,,,,,,,,,,,,,,,,,,,,0,0,0,0,0,0,0,0,0,0,0,0,0,0,0,0,0,0,0,0,0,0,0,0,0,0,0,0,0,0,0,0,0,0,0,7971,16395,7304,5923,6452,474,0,0,0,0,0
Thailand,Ind-E,Southern bluefin tuna,"Indian Ocean, Eastern",THA,SBF,36,"Tunas, bonitos, billfishes",tuna-billfish,0,0,0,0,0,0,0,0,0,0,0,0,0,0,0,0,0,0,0,0,0,0,0,0,0,0,0,0,0,0,0,0,0,0,0,0,0,0,0,0,0,0,0,0,0,0,0,0,0,0,0,0,0,0,0,1,0,0,0,0,0,0,0,0,0,0
Thailand,Ind-W,Southern bluefin tuna,"Indian Ocean, Western",THA,SBF,36,"Tunas, bonitos, billfishes",tuna-billfish,0,0,0,0,0,0,0,0,0,0,0,0,0,0,0,0,0,0,0,0,0,0,0,0,0,0,0,0,0,0,0,0,0,0,0,0,0,0,0,0,0,0,0,0,0,0,0,0,0,0,0,0,0,0,0,0,0,82,27,0,0,0,0,0,0,0
Thailand,Ind-E,Striped marlin,"Indian Ocean, Eastern",THA,MLS,36,"Tunas, bonitos, billfishes",tuna-billfish,,,,,,,,,,,,,,,,,,,,,0,0,0,0,0,0,0,0,0,0,0,0,0,0,0,0,0,0,0,0,0,0,0,0,0,0,0,0,0,0,4,0,0,0,1,0,1,1,0,0,0,0,0,0,0,0
Thailand,Ind-W,Tuna-like fishes nei,"Indian Ocean, Western",THA,TUX,36,"Tunas, bonitos, billfishes",tuna-billfish,,,,,,,,,,,,,,,,,,,,,,,,,,,,,,,,,,,,,,,,,,,,,,,,,,0,0,0,0,0,0,0,58,254,180,118,0,0,0,0,0,0
Thailand,Pac-WC,Green mussel,"Pacific, Western Central",THA,MSV,54,Mussels,bivalves-gastropods,42000,37500,41200,43500,45500,42900,43200,44900,37900,39900,39000,65200,61700,54200,52600,46900,76600,79200,106300,124400,150000,164600,51100,1000,1500,4697,858,0,0,1131,3675,90,49419,24414,35978,35092,17007,22810,22582,18061,18022,16259,24007,24850,25083,20079,19698,17970,17432,6534,41156,,,,,,,,,,,,,,,
Thailand,Ind-E,Skipjack tuna,"Indian Ocean, Eastern",THA,SKJ,36,"Tunas, bonitos, billfishes",tuna-billfish,,,,,,,,,,,,,,,,,,,,,0,0,0,0,0,0,0,0,0,0,0,0,0,0,0,0,0,0,0,0,0,0,0,0,0,0,0,0,0,0,1110,460,0,0,0,0,441,1124,215,1080,1895,0,0,0,0,
